t_sec,rss_gib
0.006855964660644531,0.0051727294921875
0.01864790916442871,0.007427215576171875
0.030085086822509766,0.007427215576171875
0.041666507720947266,0.007427215576171875
0.05297064781188965,0.007427215576171875
0.06415796279907227,0.007427215576171875
0.07534909248352051,0.007427215576171875
0.08655357360839844,0.007427215576171875
0.0980226993560791,0.007427215576171875
0.10946774482727051,0.007427215576171875
0.12082552909851074,0.008602142333984375
0.13225722312927246,0.009918212890625
0.1437535285949707,0.01067352294921875
0.155045747756958,0.011173248291015625
0.16638541221618652,0.01446533203125
0.1776885986328125,0.018558502197265625
0.188995361328125,0.01886749267578125
0.20029878616333008,0.01886749267578125
0.21181273460388184,0.01886749267578125
0.2231769561767578,0.01886749267578125
0.23453211784362793,0.01886749267578125
0.2458178997039795,0.01886749267578125
0.2570979595184326,0.01886749267578125
0.2683982849121094,0.01886749267578125
0.2797396183013916,0.01886749267578125
0.29102587699890137,0.01886749267578125
0.302335262298584,0.01886749267578125
0.3136284351348877,0.01886749267578125
0.3251323699951172,0.01886749267578125
0.33644533157348633,0.01886749267578125
0.34785008430480957,0.019443511962890625
0.3591628074645996,0.019866943359375
0.37047481536865234,0.021183013916015625
0.3818013668060303,0.0217437744140625
0.3931155204772949,0.022247314453125
0.40456199645996094,0.02286529541015625
0.415877103805542,0.0238800048828125
0.4272322654724121,0.0238800048828125
0.4385337829589844,0.0238800048828125
0.4498436450958252,0.0238800048828125
0.46114277839660645,0.0238800048828125
0.4727001190185547,0.0238800048828125
0.48398518562316895,0.0238800048828125
0.4952692985534668,0.0238800048828125
0.5065665245056152,0.0238800048828125
0.5178580284118652,0.0238800048828125
0.5292363166809082,0.024211883544921875
0.5405778884887695,0.024211883544921875
0.5518703460693359,0.024211883544921875
0.563422441482544,0.024211883544921875
0.5747451782226562,0.024211883544921875
0.5860435962677002,0.024211883544921875
0.597379207611084,0.024211883544921875
0.6086883544921875,0.024211883544921875
0.6199791431427002,0.024211883544921875
0.6312916278839111,0.024211883544921875
0.6426241397857666,0.024211883544921875
0.6539251804351807,0.024211883544921875
0.6652283668518066,0.024211883544921875
0.6767652034759521,0.024211883544921875
0.6880607604980469,0.02527618408203125
0.6994836330413818,0.02603912353515625
0.7109746932983398,0.0266265869140625
0.7222630977630615,0.0266265869140625
0.7336122989654541,0.0266265869140625
0.7450771331787109,0.0266265869140625
0.7563726902008057,0.0266265869140625
0.7676682472229004,0.0266265869140625
0.7789573669433594,0.0266265869140625
0.7903707027435303,0.0266265869140625
0.8022096157073975,0.0266265869140625
0.8137483596801758,0.0266265869140625
0.825298547744751,0.0266265869140625
0.8365926742553711,0.0266265869140625
0.8479244709014893,0.0266265869140625
0.8591709136962891,0.0266265869140625
0.8704650402069092,0.0266265869140625
0.8817667961120605,0.0266265869140625
0.8930642604827881,0.02732086181640625
0.9045307636260986,0.02805328369140625
0.9158265590667725,0.028476715087890625
0.9271218776702881,0.0304718017578125
0.938560962677002,0.03072357177734375
0.9500372409820557,0.030963897705078125
0.9615051746368408,0.032970428466796875
0.9729278087615967,0.036376953125
0.984215259552002,0.036376953125
0.9956421852111816,0.036376953125
1.006943941116333,0.036376953125
1.0187838077545166,0.036376953125
1.0303492546081543,0.036376953125
1.0418500900268555,0.036376953125
1.053236484527588,0.036376953125
1.0645205974578857,0.036376953125
1.0759477615356445,0.036376953125
1.087512731552124,0.036376953125
1.098820447921753,0.036376953125
1.1101093292236328,0.036376953125
1.121612787246704,0.036376953125
1.133026123046875,0.037670135498046875
1.1446378231048584,0.038570404052734375
1.1563658714294434,0.0393218994140625
1.1680908203125,0.03990936279296875
1.1794383525848389,0.040622711181640625
1.1912102699279785,0.04077911376953125
1.202761173248291,0.041217803955078125
1.2142112255096436,0.041461944580078125
1.2258646488189697,0.041851043701171875
1.237194299697876,0.04245758056640625
1.2485435009002686,0.04354095458984375
1.2598514556884766,0.043773651123046875
1.2712957859039307,0.0440216064453125
1.2829158306121826,0.0450286865234375
1.2942826747894287,0.04528045654296875
1.3058209419250488,0.04528045654296875
1.3173093795776367,0.04528045654296875
1.3287270069122314,0.04528045654296875
1.340040683746338,0.04528045654296875
1.3514690399169922,0.04528045654296875
1.3628182411193848,0.04528045654296875
1.3744263648986816,0.04528045654296875
1.3859810829162598,0.04528045654296875
1.3973479270935059,0.04528045654296875
1.4086952209472656,0.04528045654296875
1.4200341701507568,0.04528045654296875
1.4315149784088135,0.04528045654296875
1.4428322315216064,0.04528045654296875
1.4541537761688232,0.04528045654296875
1.4655933380126953,0.04528045654296875
1.477071762084961,0.04528045654296875
1.4883911609649658,0.04528045654296875
1.4996802806854248,0.04528045654296875
1.5109896659851074,0.04528045654296875
1.5223033428192139,0.04528045654296875
1.5335972309112549,0.04528045654296875
1.5450077056884766,0.04528045654296875
1.556321382522583,0.04528045654296875
1.567772388458252,0.04528045654296875
1.5795373916625977,0.04528045654296875
1.5911734104156494,0.04528045654296875
1.6025416851043701,0.04528045654296875
1.613851547241211,0.04528045654296875
1.625549554824829,0.04528045654296875
1.6369976997375488,0.04528045654296875
1.6483128070831299,0.04528045654296875
1.6598551273345947,0.04528045654296875
1.6711366176605225,0.04528045654296875
1.6823756694793701,0.04528045654296875
1.6939024925231934,0.04528045654296875
1.705270528793335,0.04528045654296875
1.7166686058044434,0.04528045654296875
1.72786545753479,0.04528045654296875
1.7390661239624023,0.04528045654296875
1.7506635189056396,0.0455322265625
1.7621228694915771,0.0464324951171875
1.7736725807189941,0.04737091064453125
1.7849633693695068,0.0476226806640625
1.7962758541107178,0.0476226806640625
1.8076038360595703,0.0476226806640625
1.8193166255950928,0.0476226806640625
1.8306519985198975,0.0476226806640625
1.8421270847320557,0.0476226806640625
1.8534624576568604,0.0476226806640625
1.864825963973999,0.0476226806640625
1.876089334487915,0.0476226806640625
1.8872907161712646,0.0476226806640625
1.898486852645874,0.0476226806640625
1.9096786975860596,0.0476226806640625
1.921158790588379,0.0476226806640625
1.9329445362091064,0.0476226806640625
1.944694995880127,0.0476226806640625
1.9564130306243896,0.049594879150390625
1.9677488803863525,0.052585601806640625
1.9792306423187256,0.05382537841796875
1.9905304908752441,0.05432891845703125
2.001831293106079,0.054561614990234375
2.013422727584839,0.054561614990234375
2.024728536605835,0.054561614990234375
2.0360753536224365,0.054561614990234375
2.0473642349243164,0.054561614990234375
2.058664560317993,0.054561614990234375
2.070064067840576,0.054561614990234375
2.0815422534942627,0.054561614990234375
2.0929298400878906,0.054561614990234375
2.1041653156280518,0.054561614990234375
2.115539789199829,0.054561614990234375
2.1268277168273926,0.054561614990234375
2.138385534286499,0.054561614990234375
2.1498208045959473,0.054561614990234375
2.161294460296631,0.05622100830078125
2.172852039337158,0.057865142822265625
2.1841535568237305,0.057865142822265625
2.195453643798828,0.057865142822265625
2.2067315578460693,0.057865142822265625
2.218013048171997,0.057865142822265625
2.229490041732788,0.057865142822265625
2.2410154342651367,0.057865142822265625
2.2526721954345703,0.057865142822265625
2.2639782428741455,0.057865142822265625
2.2752928733825684,0.057865142822265625
2.286790609359741,0.057865142822265625
2.2980451583862305,0.057865142822265625
2.309338331222534,0.057865142822265625
2.320662021636963,0.057865142822265625
2.3321292400360107,0.05808258056640625
2.343679189682007,0.05808258056640625
2.3549695014953613,0.05841827392578125
2.3663105964660645,0.059551239013671875
2.377617120742798,0.06067657470703125
2.3890256881713867,0.061595916748046875
2.4003443717956543,0.06439208984375
2.41163969039917,0.06439208984375
2.422943115234375,0.06439208984375
2.43438458442688,0.06439208984375
2.4456839561462402,0.06439208984375
2.4572553634643555,0.06439208984375
2.468543291091919,0.06439208984375
2.479912281036377,0.06439208984375
2.4914305210113525,0.06439208984375
2.5027918815612793,0.06439208984375
2.5140163898468018,0.06439208984375
2.5252110958099365,0.06439208984375
2.5366785526275635,0.06460189819335938
2.5481185913085938,0.06473541259765625
2.559682607650757,0.06647872924804688
2.5710432529449463,0.06724166870117188
2.5827813148498535,0.06779098510742188
2.5943920612335205,0.06869125366210938
2.6058156490325928,0.06932449340820312
2.6171507835388184,0.06949615478515625
2.6290841102600098,0.07193374633789062
2.640571117401123,0.07193374633789062
2.6519644260406494,0.07193374633789062
2.663562059402466,0.07193374633789062
2.6749794483184814,0.07193374633789062
2.6863181591033936,0.07193374633789062
2.6977827548980713,0.07193374633789062
2.7090554237365723,0.07193374633789062
2.720346450805664,0.07193374633789062
2.7317845821380615,0.07193374633789062
2.743100881576538,0.07193374633789062
2.7543890476226807,0.07193374633789062
2.7661495208740234,0.07193374633789062
2.7775001525878906,0.07193374633789062
2.7889585494995117,0.07193374633789062
2.8002631664276123,0.07193374633789062
2.8118233680725098,0.07193374633789062
2.823122501373291,0.07193374633789062
2.8345179557800293,0.07193374633789062
2.846076726913452,0.07244873046875
2.857410192489624,0.07276535034179688
2.868920087814331,0.07328414916992188
2.8802294731140137,0.07328414916992188
2.8915767669677734,0.07328414916992188
2.903135299682617,0.07328414916992188
2.9146065711975098,0.07328414916992188
2.925813913345337,0.07328414916992188
2.9372398853302,0.07328414916992188
2.9487318992614746,0.07328414916992188
2.960031032562256,0.07328414916992188
2.9715185165405273,0.07328414916992188
2.982983112335205,0.07389068603515625
2.994269847869873,0.07393646240234375
3.0056891441345215,0.07393646240234375
3.0169715881347656,0.07393646240234375
3.0282676219940186,0.07393646240234375
3.0395495891571045,0.07423019409179688
3.0509307384490967,0.07423019409179688
3.062227249145508,0.07423019409179688
3.073446750640869,0.07423019409179688
3.084743022918701,0.07423019409179688
3.0959813594818115,0.07423019409179688
3.1072006225585938,0.07423019409179688
3.1184961795806885,0.07423019409179688
3.129887580871582,0.07423019409179688
3.1414146423339844,0.07423019409179688
3.152705669403076,0.07423019409179688
3.164001226425171,0.07423019409179688
3.1754956245422363,0.07423019409179688
3.1867928504943848,0.07423019409179688
3.198155641555786,0.07423019409179688
3.2094874382019043,0.07423019409179688
3.221118927001953,0.07423019409179688
3.232696533203125,0.07423019409179688
3.2439894676208496,0.07423019409179688
3.2553601264953613,0.07423019409179688
3.2669894695281982,0.07423019409179688
3.278533935546875,0.07423019409179688
3.289916515350342,0.07423019409179688
3.3012125492095947,0.07423019409179688
3.3125178813934326,0.07423019409179688
3.3238139152526855,0.07423019409179688
3.3350582122802734,0.07423019409179688
3.346336841583252,0.07423019409179688
3.357544422149658,0.07423019409179688
3.368849277496338,0.07423019409179688
3.380147933959961,0.07423019409179688
3.391497850418091,0.07470703125
3.402803897857666,0.07470703125
3.4141228199005127,0.0752105712890625
3.425421714782715,0.0761260986328125
3.4367141723632812,0.07690811157226562
3.4480338096618652,0.07766342163085938
3.459536075592041,0.07942581176757812
3.470848321914673,0.08043289184570312
3.482156991958618,0.08154296875
3.4934728145599365,0.08154296875
3.505037546157837,0.08154296875
3.516352415084839,0.08154296875
3.527649164199829,0.08154296875
3.5389888286590576,0.08154296875
3.5505049228668213,0.08154296875
3.5617926120758057,0.08154296875
3.5732710361480713,0.08154296875
3.584519624710083,0.08154296875
3.595810890197754,0.08154296875
3.6073484420776367,0.08154296875
3.6185808181762695,0.08154296875
3.6300201416015625,0.08154296875
3.6414027214050293,0.08154296875
3.6527011394500732,0.08154296875
3.664000988006592,0.08154296875
3.675532579421997,0.08154296875
3.686858654022217,0.08184051513671875
3.6982345581054688,0.08401870727539062
3.7097721099853516,0.08465576171875
3.721092939376831,0.08490753173828125
3.7324142456054688,0.0851593017578125
3.743716239929199,0.08541107177734375
3.755112886428833,0.08541107177734375
3.7664284706115723,0.086151123046875
3.7778708934783936,0.08648300170898438
3.7891674041748047,0.08648300170898438
3.800487518310547,0.08648300170898438
3.811838150024414,0.08648300170898438
3.823143482208252,0.08648300170898438
3.834439516067505,0.08648300170898438
3.845738649368286,0.08648300170898438
3.857212781906128,0.08648300170898438
3.8685033321380615,0.08648300170898438
3.87978196144104,0.08648300170898438
3.8910672664642334,0.08670425415039062
3.9023687839508057,0.08670425415039062
3.91367769241333,0.08670425415039062
3.9251155853271484,0.08670425415039062
3.936532974243164,0.08670425415039062
3.9478328227996826,0.08698272705078125
3.959129810333252,0.087738037109375
3.970439910888672,0.08835220336914062
3.9821298122406006,0.08885574340820312
3.993731737136841,0.08933639526367188
4.005247592926025,0.08973312377929688
4.016866207122803,0.08973312377929688
4.02839732170105,0.08973312377929688
4.039693117141724,0.08973312377929688
4.05103063583374,0.08973312377929688
4.062326908111572,0.08973312377929688
4.07360577583313,0.08973312377929688
4.084897994995117,0.08973312377929688
4.09648060798645,0.08973312377929688
4.1078550815582275,0.08973312377929688
4.119147539138794,0.08973312377929688
4.130440711975098,0.08973312377929688
4.141820669174194,0.08973312377929688
4.153122425079346,0.08973312377929688
4.164431571960449,0.08973312377929688
4.1757261753082275,0.08973312377929688
4.187025547027588,0.08973312377929688
4.19833779335022,0.08973312377929688
4.209659576416016,0.08973312377929688
4.2210307121276855,0.08973312377929688
4.232356071472168,0.08973312377929688
4.243651866912842,0.08973312377929688
4.25511360168457,0.08973312377929688
4.266441822052002,0.08973312377929688
4.2778847217559814,0.08973312377929688
4.289416074752808,0.08973312377929688
4.300849437713623,0.08973312377929688
4.312218904495239,0.08973312377929688
4.323519706726074,0.08973312377929688
4.334970474243164,0.08973312377929688
4.3463523387908936,0.08973312377929688
4.357828617095947,0.08973312377929688
4.369222640991211,0.08973312377929688
4.3806891441345215,0.08973312377929688
4.392012357711792,0.08988571166992188
4.403302431106567,0.09121322631835938
4.414600372314453,0.09146499633789062
4.426146030426025,0.0925140380859375
4.437445402145386,0.0930023193359375
4.448740720748901,0.09391021728515625
4.460033416748047,0.094696044921875
4.471428394317627,0.09494781494140625
4.482719421386719,0.09494781494140625
4.4942450523376465,0.09494781494140625
4.505633354187012,0.09494781494140625
4.516931056976318,0.09494781494140625
4.5282347202301025,0.09494781494140625
4.539642572402954,0.09494781494140625
4.550936698913574,0.09494781494140625
4.562248706817627,0.09494781494140625
4.573643922805786,0.09494781494140625
4.5849409103393555,0.09494781494140625
4.596237897872925,0.09494781494140625
4.607564926147461,0.09494781494140625
4.618869304656982,0.09494781494140625
4.630174398422241,0.09494781494140625
4.641577959060669,0.09494781494140625
4.652958154678345,0.09494781494140625
4.664424896240234,0.09494781494140625
4.675827980041504,0.09494781494140625
4.687137126922607,0.09494781494140625
4.698418140411377,0.09494781494140625
4.7097556591033936,0.09494781494140625
4.721041202545166,0.09494781494140625
4.732487440109253,0.09494781494140625
4.74389386177063,0.09494781494140625
4.755118131637573,0.09494781494140625
4.766509532928467,0.09494781494140625
4.777912616729736,0.09494781494140625
4.789426326751709,0.09494781494140625
4.8008646965026855,0.09494781494140625
4.812166929244995,0.09494781494140625
4.823438405990601,0.09494781494140625
4.834949970245361,0.09494781494140625
4.84653115272522,0.09494781494140625
4.858048915863037,0.09494781494140625
4.869803190231323,0.09494781494140625
4.881282091140747,0.09494781494140625
4.89269757270813,0.09494781494140625
4.904115915298462,0.09494781494140625
4.91590690612793,0.09494781494140625
4.927332878112793,0.09494781494140625
4.938642978668213,0.09494781494140625
4.950086355209351,0.09494781494140625
4.961328744888306,0.09494781494140625
4.972879886627197,0.09494781494140625
4.984182119369507,0.09494781494140625
4.995488405227661,0.09494781494140625
5.006828546524048,0.09494781494140625
5.018115043640137,0.09494781494140625
5.0295090675354,0.09494781494140625
5.041001558303833,0.09494781494140625
5.052305221557617,0.09494781494140625
5.063598155975342,0.09494781494140625
5.07488489151001,0.09494781494140625
5.086183547973633,0.09494781494140625
5.097429513931274,0.09494781494140625
5.108705043792725,0.09494781494140625
5.120195388793945,0.09494781494140625
5.131344318389893,0.09494781494140625
5.142739772796631,0.09494781494140625
5.1540796756744385,0.0951995849609375
5.16542387008667,0.0951995849609375
5.176835775375366,0.0951995849609375
5.188133001327515,0.0951995849609375
5.199433088302612,0.0951995849609375
5.210829496383667,0.0951995849609375
5.222302675247192,0.0951995849609375
5.233590602874756,0.0951995849609375
5.244877815246582,0.0951995849609375
5.256227970123291,0.0951995849609375
5.267568111419678,0.0951995849609375
5.278949499130249,0.0951995849609375
5.290259838104248,0.09545135498046875
5.301564455032349,0.09595489501953125
5.313289165496826,0.09595489501953125
5.324958801269531,0.09595489501953125
5.3362767696380615,0.09595489501953125
5.34801983833313,0.096710205078125
5.359400987625122,0.09696197509765625
5.3707311153411865,0.09746551513671875
5.382033348083496,0.09796905517578125
5.393359184265137,0.0982208251953125
5.404647350311279,0.0992584228515625
5.416071653366089,0.0992889404296875
5.4273974895477295,0.0992889404296875
5.439143657684326,0.0992889404296875
5.45048451423645,0.0992889404296875
5.4620232582092285,0.0992889404296875
5.473361015319824,0.0992889404296875
5.484672546386719,0.0992889404296875
5.4959800243377686,0.0992889404296875
5.507277965545654,0.0992889404296875
5.518616199493408,0.0992889404296875
5.529911994934082,0.0992889404296875
5.541332244873047,0.0992889404296875
5.552616834640503,0.0992889404296875
5.564075708389282,0.0992889404296875
5.575397968292236,0.0992889404296875
5.587018966674805,0.0992889404296875
5.598344564437866,0.09964752197265625
5.610249757766724,0.0998992919921875
5.621565818786621,0.0998992919921875
5.63286280632019,0.10015106201171875
5.644196033477783,0.10040283203125
5.655572414398193,0.10065460205078125
5.66692328453064,0.1009063720703125
5.678243160247803,0.101409912109375
5.689693450927734,0.1019134521484375
5.7011895179748535,0.1024169921875
5.712438344955444,0.1029205322265625
5.723817586898804,0.10338592529296875
5.735309839248657,0.10363388061523438
5.74652624130249,0.10363388061523438
5.757895469665527,0.10363388061523438
5.769389390945435,0.10363388061523438
5.780792713165283,0.10363388061523438
5.792150259017944,0.10363388061523438
5.803483724594116,0.10363388061523438
5.814803838729858,0.10363388061523438
5.8262152671813965,0.10363388061523438
5.837668180465698,0.10363388061523438
5.848867654800415,0.10363388061523438
5.860161781311035,0.10363388061523438
5.871729373931885,0.10363388061523438
5.883119583129883,0.10363388061523438
5.894409656524658,0.10363388061523438
5.905690431594849,0.10388565063476562
5.917001008987427,0.10413742065429688
5.928476095199585,0.10438919067382812
5.939764738082886,0.10489273071289062
5.951053857803345,0.10564804077148438
5.962358236312866,0.10589981079101562
5.9738287925720215,0.10640335083007812
5.98525071144104,0.1088714599609375
5.996730804443359,0.1088714599609375
6.008026123046875,0.10912322998046875
6.019325017929077,0.109893798828125
6.030725479125977,0.1103973388671875
6.042481184005737,0.1107635498046875
6.054315805435181,0.1107635498046875
6.065948963165283,0.1107635498046875
6.077667713165283,0.1107635498046875
6.089118003845215,0.1107635498046875
6.100571155548096,0.1107635498046875
6.112186908721924,0.1107635498046875
6.123353958129883,0.1107635498046875
6.13455057144165,0.1107635498046875
6.145808696746826,0.1107635498046875
6.157213926315308,0.1107635498046875
6.168618679046631,0.1107635498046875
6.179965019226074,0.1107635498046875
6.191272258758545,0.1107635498046875
6.202722072601318,0.1119537353515625
6.2144997119903564,0.112457275390625
6.2258141040802,0.1140289306640625
6.2373223304748535,0.1150360107421875
6.2487242221832275,0.1160430908203125
6.260068655014038,0.11652374267578125
6.271441698074341,0.118621826171875
6.283186435699463,0.11962890625
6.294453382492065,0.12036514282226562
6.305853366851807,0.12061691284179688
6.317142963409424,0.12112045288085938
6.328453063964844,0.12207794189453125
6.339744806289673,0.12258148193359375
6.351024150848389,0.12258148193359375
6.36253809928894,0.12258148193359375
6.3738181591033936,0.12258148193359375
6.385168075561523,0.12258148193359375
6.396460294723511,0.12258148193359375
6.407742977142334,0.12258148193359375
6.419028282165527,0.12258148193359375
6.430643320083618,0.12258148193359375
6.441924810409546,0.12258148193359375
6.453392028808594,0.12258148193359375
6.464677095413208,0.12258148193359375
6.476121187210083,0.12258148193359375
6.487424850463867,0.12308502197265625
6.4987335205078125,0.1233367919921875
6.510023355484009,0.1243438720703125
6.521394968032837,0.12518310546875
6.532888650894165,0.1256866455078125
6.54418158531189,0.12593841552734375
6.555436611175537,0.12593841552734375
6.566739797592163,0.1266937255859375
6.578171491622925,0.12694549560546875
6.589609622955322,0.12694549560546875
6.601175785064697,0.12694549560546875
6.612457752227783,0.12694549560546875
6.624019384384155,0.12694549560546875
6.635311841964722,0.12694549560546875
6.646683216094971,0.12694549560546875
6.658146142959595,0.12694549560546875
6.669439792633057,0.12694549560546875
6.68100118637085,0.12694549560546875
6.6922807693481445,0.12694549560546875
6.703559875488281,0.12694549560546875
6.714911699295044,0.12694549560546875
6.726473331451416,0.12694549560546875
6.737776517868042,0.12694549560546875
6.749049663543701,0.12694549560546875
6.760328054428101,0.12694549560546875
6.771665811538696,0.1277008056640625
6.783133029937744,0.12795257568359375
6.794576644897461,0.12795257568359375
6.806072473526001,0.12795257568359375
6.817607641220093,0.1287078857421875
6.828903436660767,0.12895965576171875
6.8403942584991455,0.12921142578125
6.851816654205322,0.12921142578125
6.863159418106079,0.12921142578125
6.874610185623169,0.12921142578125
6.88598370552063,0.12921142578125
6.8974199295043945,0.12921142578125
6.90873908996582,0.12921142578125
6.920135259628296,0.12921142578125
6.931514501571655,0.12921142578125
6.94270658493042,0.12921142578125
6.953894138336182,0.12921142578125
6.965317726135254,0.12921142578125
6.976607322692871,0.12921142578125
6.988018751144409,0.12921142578125
6.999539136886597,0.12996673583984375
7.010828256607056,0.130218505859375
7.022118806838989,0.13097381591796875
7.033402442932129,0.1312255859375
7.044870376586914,0.13147735595703125
7.056160926818848,0.13390731811523438
7.067682504653931,0.13390731811523438
7.078969478607178,0.13390731811523438
7.090405702590942,0.13390731811523438
7.102125406265259,0.13390731811523438
7.113623142242432,0.13390731811523438
7.125080347061157,0.13390731811523438
7.136486768722534,0.13390731811523438
7.148099184036255,0.13390731811523438
7.15955376625061,0.13390731811523438
7.17105770111084,0.13390731811523438
7.182371616363525,0.13390731811523438
7.193674087524414,0.1342315673828125
7.204980373382568,0.13506698608398438
7.216277122497559,0.13506698608398438
7.227582931518555,0.13557052612304688
7.239198684692383,0.13582229614257812
7.25065803527832,0.13793182373046875
7.261979579925537,0.14052581787109375
7.273428201675415,0.14321517944335938
7.284909725189209,0.1445465087890625
7.296462059020996,0.14479827880859375
7.308077335357666,0.1455535888671875
7.3193700313568115,0.14568328857421875
7.330658435821533,0.14678192138671875
7.342276334762573,0.1476287841796875
7.353476285934448,0.148895263671875
7.364910125732422,0.1493988037109375
7.3765294551849365,0.1493988037109375
7.388194561004639,0.1493988037109375
7.399467706680298,0.1493988037109375
7.411054611206055,0.1493988037109375
7.422332763671875,0.1493988037109375
7.433642625808716,0.1493988037109375
7.4450836181640625,0.1493988037109375
7.45637583732605,0.1493988037109375
7.467580318450928,0.1493988037109375
7.47888445854187,0.1493988037109375
7.490252256393433,0.14962387084960938
7.501460075378418,0.14962387084960938
7.512800455093384,0.14962387084960938
7.5240819454193115,0.14962387084960938
7.5354554653167725,0.14962387084960938
7.546793222427368,0.14962387084960938
7.558213710784912,0.14962387084960938
7.569713115692139,0.14962387084960938
7.581014394760132,0.14962387084960938
7.592331647872925,0.14962387084960938
7.603644132614136,0.14962387084960938
7.615081310272217,0.14962387084960938
7.626378536224365,0.14962387084960938
7.637972593307495,0.14962387084960938
7.649319887161255,0.14962387084960938
7.660648584365845,0.14962387084960938
7.671988248825073,0.14962387084960938
7.683433771133423,0.14962387084960938
7.694813251495361,0.14962387084960938
7.706155776977539,0.14962387084960938
7.717586040496826,0.14962387084960938
7.728806495666504,0.14962387084960938
7.740005970001221,0.14962387084960938
7.751483201980591,0.14962387084960938
7.762723684310913,0.14962387084960938
7.773970365524292,0.14962387084960938
7.785167455673218,0.14962387084960938
7.796487808227539,0.1504364013671875
7.807807445526123,0.15230560302734375
7.81941556930542,0.15364837646484375
7.83119010925293,0.1544647216796875
7.842913389205933,0.15471267700195312
7.85455322265625,0.15521621704101562
7.865983486175537,0.15546798706054688
7.877439260482788,0.15546798706054688
7.8892669677734375,0.15546798706054688
7.900960922241211,0.15546798706054688
7.912299871444702,0.15546798706054688
7.9237284660339355,0.15546798706054688
7.93511962890625,0.15546798706054688
7.946477174758911,0.15546798706054688
7.958216428756714,0.15546798706054688
7.969717264175415,0.15546798706054688
7.981024265289307,0.15546798706054688
7.992633581161499,0.15546798706054688
8.003973960876465,0.15546798706054688
8.015605688095093,0.15546798706054688
8.026920795440674,0.15546798706054688
8.038224458694458,0.15546798706054688
8.049838066101074,0.15546798706054688
8.061150074005127,0.15546798706054688
8.072443008422852,0.15546798706054688
8.083921670913696,0.15546798706054688
8.09534740447998,0.15546798706054688
8.106924772262573,0.15546798706054688
8.11824369430542,0.15596771240234375
8.129542112350464,0.15671539306640625
8.140844106674194,0.15734481811523438
8.152152061462402,0.15789413452148438
8.163625001907349,0.15855026245117188
8.17507553100586,0.15966415405273438
8.186382055282593,0.15991592407226562
8.197695970535278,0.15991592407226562
8.208994150161743,0.15991592407226562
8.22028398513794,0.15991592407226562
8.231858015060425,0.15991592407226562
8.243149518966675,0.15991592407226562
8.254729270935059,0.15991592407226562
8.266098022460938,0.15991592407226562
8.277539253234863,0.15991592407226562
8.289068937301636,0.15991592407226562
8.300377368927002,0.15991592407226562
8.311860084533691,0.15991592407226562
8.323179244995117,0.15991592407226562
8.33443832397461,0.15991592407226562
8.34589171409607,0.15991592407226562
8.357280492782593,0.15991592407226562
8.368505477905273,0.15991592407226562
8.379805326461792,0.16041946411132812
8.391182899475098,0.16067123413085938
8.402451038360596,0.16110610961914062
8.41377329826355,0.16243743896484375
8.425246953964233,0.16243743896484375
8.436553478240967,0.162689208984375
8.447839498519897,0.16285324096679688
8.45914626121521,0.16313552856445312
8.47045350074768,0.16389083862304688
8.48174500465393,0.16464614868164062
8.493037700653076,0.16827774047851562
8.504529476165771,0.16883087158203125
8.515844583511353,0.16955947875976562
8.527198076248169,0.1709136962890625
8.538507461547852,0.1709136962890625
8.550430297851562,0.1709136962890625
8.562092542648315,0.1709136962890625
8.573400020599365,0.1709136962890625
8.58490777015686,0.1709136962890625
8.596580505371094,0.1709136962890625
8.607772827148438,0.1709136962890625
8.619119882583618,0.1709136962890625
8.630327939987183,0.1709136962890625
8.641884088516235,0.1709136962890625
8.653172731399536,0.1709136962890625
8.664470672607422,0.1709136962890625
8.675698518753052,0.1709136962890625
8.68710207939148,0.1709136962890625
8.698393106460571,0.1709136962890625
8.709681034088135,0.1709136962890625
8.721169233322144,0.17293930053710938
8.73262095451355,0.17495346069335938
8.743933916091919,0.175537109375
8.755263805389404,0.1760406494140625
8.766794204711914,0.17629241943359375
8.778104305267334,0.17708206176757812
8.789612770080566,0.4244956970214844
8.80124044418335,0.4272727966308594
8.812684535980225,0.4274330139160156
8.824141502380371,0.427886962890625
8.835588693618774,0.428131103515625
8.84700059890747,0.4283714294433594
8.858412742614746,0.4288749694824219
8.869842052459717,0.4293708801269531
8.881438493728638,0.4293708801269531
8.893090963363647,0.4298744201660156
8.904396772384644,0.4301872253417969
8.916383266448975,0.4818572998046875
8.927898168563843,0.5667533874511719
8.939512252807617,0.5409927368164062
8.950924158096313,0.5624771118164062
8.962302684783936,0.6926956176757812
8.973797082901001,0.618438720703125
8.985201120376587,0.5904121398925781
8.99675703048706,0.7517051696777344
9.016429424285889,0.8641204833984375
9.027837038040161,0.8463134765625
9.039333820343018,0.8602867126464844
9.050742626190186,0.9232368469238281
9.06232738494873,0.9938507080078125
9.073739290237427,1.0114288330078125
9.085246086120605,1.0334091186523438
9.096853733062744,1.0925445556640625
9.116432428359985,1.0571784973144531
9.127851724624634,1.0422325134277344
9.13926386833191,1.0589599609375
9.150908708572388,1.0767669677734375
9.16237759590149,1.0578575134277344
9.173704147338867,1.1262741088867188
9.18514609336853,1.03350830078125
9.196768522262573,1.0583572387695312
9.216381549835205,1.1154937744140625
9.227840662002563,1.0967941284179688
9.239269256591797,1.0737266540527344
9.250689029693604,1.1004714965820312
9.262110471725464,1.0840988159179688
9.273544311523438,1.0984954833984375
9.284911870956421,1.0778846740722656
9.296355962753296,1.0579566955566406
9.316379070281982,1.07843017578125
9.327794790267944,1.0606689453125
9.339449644088745,1.0841827392578125
9.35109257698059,1.1102142333984375
9.362406730651855,1.0452880859375
9.374063491821289,1.0794868469238281
9.38571548461914,1.0998687744140625
9.397160053253174,1.054840087890625
9.416812419891357,1.0169448852539062
9.428335666656494,1.0325698852539062
9.439871788024902,1.06005859375
9.451200485229492,1.0247573852539062
9.462518453598022,1.0442886352539062
9.47386646270752,1.06787109375
9.485400438308716,1.0784683227539062
9.496764898300171,1.0230560302734375
9.516387462615967,1.0564041137695312
9.527794361114502,1.0685577392578125
9.539237976074219,1.0604171752929688
9.550663709640503,1.0664215087890625
9.562060117721558,1.0491943359375
9.57351803779602,1.0230560302734375
9.584956169128418,1.0408859252929688
9.596586465835571,1.0703277587890625
9.616384029388428,1.0325660705566406
9.627981185913086,1.10015869140625
9.6397385597229,1.0920639038085938
9.651158332824707,1.0567550659179688
9.662862062454224,1.0511474609375
9.674304723739624,1.0742263793945312
9.686127424240112,1.0956497192382812
9.69748330116272,1.0818939208984375
9.716372966766357,1.078033447265625
9.728048086166382,1.0285987854003906
9.739517211914062,0.991912841796875
9.751008987426758,1.0664215087890625
9.762443542480469,1.0390777587890625
9.773898839950562,1.003631591796875
9.785339593887329,1.0820465087890625
9.796857118606567,1.0983963012695312
9.816404104232788,1.0281906127929688
9.827881813049316,1.098358154296875
9.839520454406738,1.149322509765625
9.850971937179565,1.009918212890625
9.862551927566528,1.0289039611816406
9.874235153198242,1.1400985717773438
9.885567426681519,1.0423355102539062
9.897145986557007,1.0094833374023438
9.916380405426025,1.110382080078125
9.927720546722412,1.09716796875
9.939263582229614,1.0607566833496094
9.95083999633789,1.0986480712890625
9.96251893043518,1.0400276184082031
9.974107503890991,1.060699462890625
9.985563278198242,1.0952072143554688
9.997016191482544,1.105377197265625
10.016751050949097,1.0795822143554688
10.028460025787354,1.1121902465820312
10.03994631767273,1.167083740234375
10.0513916015625,1.0520973205566406
10.06281304359436,1.0753707885742188
10.074275970458984,1.1379547119140625
10.085893869400024,1.0617637634277344
10.09750771522522,1.0433349609375
10.116447925567627,1.1399078369140625
10.127923965454102,1.0347747802734375
10.139305353164673,1.0528488159179688
10.150620222091675,1.1127777099609375
10.16205644607544,1.0230560302734375
10.173659324645996,1.0033798217773438
10.185086965560913,1.0759353637695312
10.196643114089966,1.085845947265625
10.216423511505127,1.0590591430664062
10.22785997390747,1.0826263427734375
10.239477634429932,1.0666084289550781
10.25107455253601,1.08428955078125
10.262856483459473,1.0667724609375
10.274385452270508,1.0884017944335938
10.285812616348267,1.0723800659179688
10.297420501708984,1.0865478515625
10.316425085067749,1.0272140502929688
10.328036069869995,1.0458831787109375
10.339523553848267,1.0347747802734375
10.351233720779419,1.0603103637695312
10.362756252288818,1.0700759887695312
10.374241352081299,1.0604095458984375
10.385774850845337,1.0247573852539062
10.397213220596313,1.0442848205566406
10.416378498077393,1.0566520690917969
10.428092956542969,1.0307998657226562
10.43950343132019,1.0464820861816406
10.450969457626343,1.0700759887695312
10.46237564086914,1.0719947814941406
10.473680257797241,1.0587081909179688
10.485033988952637,1.08062744140625
10.49643874168396,1.0598106384277344
10.516372203826904,1.0441856384277344
10.527693748474121,1.097412109375
10.539352178573608,1.0884857177734375
10.55077576637268,1.0127906799316406
10.562437772750854,1.0524978637695312
10.573805809020996,1.0805892944335938
10.585171461105347,1.0545578002929688
10.596623659133911,1.0860519409179688
10.616788148880005,1.099517822265625
10.628331422805786,1.0331649780273438
10.639641284942627,1.0235595703125
10.651067972183228,1.133758544921875
10.66254186630249,1.0269622802734375
10.673958539962769,1.0464935302734375
10.68539834022522,1.1058120727539062
10.696966886520386,1.0506515502929688
10.716374397277832,1.0495452880859375
10.727800846099854,1.080841064453125
10.73922848701477,1.0646286010742188
10.750581979751587,1.0314712524414062
10.761909484863281,1.1001205444335938
10.773327112197876,1.1102218627929688
10.784834384918213,1.0507431030273438
10.79635214805603,1.0369796752929688
10.816500663757324,1.1062088012695312
10.82798981666565,1.0367240905761719
10.839400291442871,1.1043167114257812
10.85071587562561,1.159088134765625
10.862121343612671,1.0464897155761719
10.873543977737427,1.0325660705566406
10.884872436523438,1.1052169799804688
10.896177768707275,1.08154296875
10.916845798492432,1.0723800659179688
10.928288698196411,1.125885009765625
10.939628839492798,1.0225563049316406
10.951050519943237,1.039031982421875
10.962595462799072,1.0725326538085938
10.974191427230835,1.0458869934082031
10.98569941520691,1.013641357421875
10.99729585647583,1.0884017944335938
11.016420841217041,1.1380691528320312
11.02785325050354,1.0668716430664062
11.039454936981201,1.0572586059570312
11.050989389419556,1.0786361694335938
11.062652826309204,1.0625534057617188
11.074317693710327,1.0821456909179688
11.08571195602417,1.1353988647460938
11.097349405288696,1.0394439697265625
11.116392135620117,1.0688247680664062
11.127929210662842,1.100555419921875
11.139374017715454,1.0363731384277344
11.150960445404053,1.0641021728515625
11.162635564804077,1.1349945068359375
11.174031734466553,1.05029296875
11.185520648956299,1.0491256713867188
11.196980476379395,1.0735702514648438
11.21640658378601,1.054046630859375
11.227860689163208,1.0800933837890625
11.239283323287964,1.0842437744140625
11.250702142715454,1.0728759765625
11.262537240982056,1.0606002807617188
11.2741539478302,1.0794296264648438
11.285651683807373,1.0644683837890625
11.297119379043579,1.0313644409179688
11.316641330718994,1.0982513427734375
11.328087091445923,1.0245094299316406
11.339523077011108,1.087799072265625
11.350982904434204,1.0748291015625
11.36255145072937,1.0561904907226562
11.374343872070312,1.0891952514648438
11.386011600494385,1.10791015625
11.397803783416748,0.9943618774414062
11.416643142700195,1.1260910034179688
11.428381443023682,1.0540504455566406
11.439874410629272,1.0859260559082031
11.451302528381348,1.0671119689941406
11.462732076644897,1.0838470458984375
11.474169731140137,1.1007003784179688
11.485721826553345,1.0759315490722656
11.49716567993164,1.1037063598632812
11.516387701034546,1.05303955078125
11.527832508087158,1.0646324157714844
11.539252519607544,1.1098823547363281
11.550787210464478,1.1649971008300781
11.56233549118042,1.1009483337402344
11.573859453201294,1.152313232421875
11.585304498672485,1.133941650390625
11.59671950340271,1.0881423950195312
11.616387128829956,1.1523246765136719
11.62792444229126,1.0760993957519531
11.639372110366821,1.1040611267089844
11.65078592300415,1.1426582336425781
11.662275552749634,1.1089591979980469
11.67369794845581,1.1208686828613281
11.685293436050415,1.118988037109375
11.69692349433899,1.1874313354492188
11.716816663742065,1.1367034912109375
11.72842288017273,1.1389617919921875
11.739827871322632,1.1460227966308594
11.751359701156616,1.1758079528808594
11.762836456298828,1.162109375
11.774247884750366,1.1854782104492188
11.785667657852173,1.1591796875
11.79713487625122,1.1766891479492188
11.816720724105835,1.2251510620117188
11.828170776367188,1.1623916625976562
11.839758396148682,1.148223876953125
11.851430654525757,1.2246856689453125
11.8628511428833,1.2340927124023438
11.874265432357788,1.1570358276367188
11.885672569274902,1.1554718017578125
11.897260665893555,1.1802558898925781
11.916414499282837,1.23944091796875
11.927858829498291,1.2107658386230469
11.939282178878784,1.2407875061035156
11.950868606567383,1.2174530029296875
11.962315082550049,1.1442108154296875
11.973909616470337,1.2569122314453125
11.985471248626709,1.207672119140625
11.996931791305542,1.2244338989257812
12.016372919082642,1.2060089111328125
12.02806830406189,1.268798828125
12.03948712348938,1.2128143310546875
12.051244497299194,1.2298812866210938
12.062981605529785,1.2633743286132812
12.07457423210144,1.2446937561035156
12.086138725280762,1.2033042907714844
12.097874879837036,1.2073593139648438
12.116389274597168,1.2051162719726562
12.12781286239624,1.1766891479492188
12.139425277709961,1.252105712890625
12.150948286056519,1.3061370849609375
12.162549018859863,1.1626434326171875
12.173954486846924,1.1578826904296875
12.185585737228394,1.2184677124023438
12.196983337402344,1.24334716796875
12.21714973449707,1.1162223815917969
12.228830575942993,1.19683837890625
12.240267038345337,1.2547073364257812
12.251688718795776,1.1242828369140625
12.262993097305298,1.20465087890625
12.274666786193848,1.2271347045898438
12.286011934280396,1.1930007934570312
12.297637701034546,1.22698974609375
12.316377878189087,1.2819480895996094
12.327802419662476,1.140411376953125
12.339216470718384,1.2051544189453125
12.35064435005188,1.2638320922851562
12.362195491790771,1.2155227661132812
12.37352967262268,1.2283401489257812
12.384836673736572,1.20050048828125
12.396140098571777,1.2691497802734375
12.407666206359863,1.2442169189453125
12.419333219528198,1.1715583801269531
12.430669784545898,1.2372589111328125
12.442245244979858,1.2215347290039062
12.453776836395264,1.1874313354492188
12.465096235275269,1.2138214111328125
12.476645469665527,1.281097412109375
12.488006591796875,1.212677001953125
12.499316453933716,1.19378662109375
12.516417264938354,1.1895294189453125
12.527778625488281,1.179107666015625
12.539159774780273,1.2803115844726562
12.550501585006714,1.2072105407714844
12.56220030784607,1.2388343811035156
12.57350754737854,1.2466468811035156
12.584999799728394,1.2091636657714844
12.59630823135376,1.2780380249023438
12.616816520690918,1.2213821411132812
12.628493785858154,1.2473602294921875
12.639976739883423,1.2731399536132812
12.651299953460693,1.20623779296875
12.662737369537354,1.1522750854492188
12.674560785293579,1.2549819946289062
12.686043739318848,1.1765060424804688
12.697348833084106,1.2439651489257812
12.716784715652466,1.2152061462402344
12.728327751159668,1.2692337036132812
12.73977279663086,1.2368812561035156
12.751068353652954,1.2159614562988281
12.762448787689209,1.2770462036132812
12.773969173431396,1.2051582336425781
12.785386800765991,1.2291259765625
12.796804189682007,1.2142562866210938
12.81638216972351,1.2685928344726562
12.828032970428467,1.1760635375976562
12.839335680007935,1.2349472045898438
12.850674152374268,1.2190742492675781
12.862082242965698,1.2455673217773438
12.873541355133057,1.1910476684570312
12.884938955307007,1.2000198364257812
12.89634394645691,1.2219009399414062
12.916865348815918,1.233062744140625
12.92816948890686,1.2437744140625
12.939814805984497,1.1875801086425781
12.95113492012024,1.2111167907714844
12.96269154548645,1.2016067504882812
12.9742910861969,1.2244338989257812
12.985697984695435,1.235198974609375
12.997278213500977,1.2218780517578125
13.016379356384277,1.1245346069335938
13.027801752090454,1.1831703186035156
13.039230346679688,1.2497024536132812
13.050650119781494,1.1808929443359375
13.06200885772705,1.2032012939453125
13.07342529296875,1.2511520385742188
13.084864616394043,1.1813125610351562
13.096293926239014,1.2090606689453125
13.116413116455078,1.2293167114257812
13.127906084060669,1.251953125
13.13921856880188,1.2333526611328125
13.150530815124512,1.2497024536132812
13.161986351013184,1.1920852661132812
13.173346042633057,1.28717041015625
13.184754371643066,1.2000045776367188
13.196357250213623,1.19744873046875
13.216367483139038,1.2571640014648438
13.22767424583435,1.1788597106933594
13.239280462265015,1.2406539916992188
13.250715255737305,1.2591171264648438
13.262567281723022,1.1798667907714844
13.273990869522095,1.2121200561523438
13.28540301322937,1.282806396484375
13.296804428100586,1.1754608154296875
13.31676959991455,1.2299423217773438
13.328190803527832,1.29241943359375
13.339474439620972,1.2706069946289062
13.351093530654907,1.1821746826171875
13.36250901222229,1.1774139404296875
13.374111890792847,1.2029495239257812
13.385541915893555,1.1617889404296875
13.397218704223633,1.1813201904296875
13.416382551193237,1.244964599609375
13.42780327796936,1.2108306884765625
13.439218521118164,1.2252883911132812
13.450710773468018,1.255462646484375
13.46221923828125,1.1483688354492188
13.473902463912964,1.18182373046875
13.485317945480347,1.2862091064453125
13.496663093566895,1.2263870239257812
13.516360998153687,1.1604385375976562
13.527684211730957,1.1515235900878906
13.539094686508179,1.2157096862792969
13.55060887336731,1.2174530029296875
13.56202483177185,1.1887779235839844
13.57356071472168,1.1787643432617188
13.584983110427856,1.2233123779296875
13.596405744552612,1.1537246704101562
13.616381883621216,1.233978271484375
13.627735137939453,1.2866439819335938
13.639046907424927,1.1897354125976562
13.650619983673096,1.2586135864257812
13.662110805511475,1.1934356689453125
13.673683643341064,1.21441650390625
13.685110807418823,1.2054443359375
13.696536779403687,1.2215652465820312
13.716420650482178,1.2251625061035156
13.727887153625488,1.2450714111328125
13.739233255386353,1.2536087036132812
13.75069785118103,1.2249336242675781
13.762297630310059,1.2511138916015625
13.773725032806396,1.2128143310546875
13.785208702087402,1.1639747619628906
13.796633243560791,1.1589889526367188
13.816378593444824,1.21990966796875
13.827820301055908,1.1941375732421875
13.83925747871399,1.245758056640625
13.850703001022339,1.1742630004882812
13.862157106399536,1.211517333984375
13.873607158660889,1.197845458984375
13.885026693344116,1.1781692504882812
13.896509647369385,1.219329833984375
13.916386365890503,1.209564208984375
13.927818536758423,1.1918411254882812
13.939231872558594,1.2067031860351562
13.950745582580566,1.2313804626464844
13.96216344833374,1.2350540161132812
13.97382140159607,1.2354888916015625
13.98521113395691,1.2711029052734375
13.99671196937561,1.2611846923828125
14.016382932662964,1.2729034423828125
14.02808165550232,1.2846221923828125
14.039477586746216,1.2943878173828125
14.050784826278687,1.3041534423828125
14.06220006942749,1.3160285949707031
14.073631763458252,1.3633995056152344
14.085039377212524,1.3907432556152344
14.096563339233398,1.3806266784667969
14.116439819335938,1.4260444641113281
14.128042697906494,1.4382553100585938
14.13947081565857,1.4111557006835938
14.151068210601807,1.3715629577636719
14.162486791610718,1.4247932434082031
14.174043416976929,1.4560432434082031
14.185614585876465,1.4576454162597656
14.197013139724731,1.4913444519042969
14.216456174850464,1.4829216003417969
14.22778058052063,1.5071258544921875
14.239093780517578,1.4698677062988281
14.250694751739502,1.5482978820800781
14.262105226516724,1.5750389099121094
14.27342414855957,1.6152763366699219
14.284734725952148,1.6956558227539062
14.29604458808899,1.594696044921875
14.307727336883545,1.6106834411621094
14.319133043289185,1.5608940124511719
14.330620050430298,1.6554450988769531
14.34192180633545,1.6258430480957031
14.35358738899231,1.6871528625488281
14.3650963306427,1.7518119812011719
14.376428365707397,1.8221931457519531
14.387740135192871,1.7944755554199219
14.399060010910034,1.7731552124023438
14.416693210601807,1.0749626159667969
14.428268909454346,1.1182060241699219
14.43967866897583,1.1103668212890625
14.451090335845947,1.177642822265625
14.46268916130066,1.1264610290527344
14.474095344543457,1.1673240661621094
14.485846281051636,1.2060890197753906
14.497281074523926,1.2190475463867188
14.508713483810425,1.2169342041015625
14.52002215385437,1.2534446716308594
14.531357765197754,1.2938041687011719
14.542657375335693,1.3359718322753906
14.553959608078003,1.3234748840332031
14.565370321273804,1.3537445068359375
14.576674938201904,0.660858154296875
14.588141679763794,0.660858154296875
14.599452495574951,0.660858154296875
14.61093807220459,0.660858154296875
14.62247633934021,0.660858154296875
14.633775472640991,0.660858154296875
14.645079851150513,0.660858154296875
14.656607866287231,0.660858154296875
14.667994499206543,0.660858154296875
14.679441690444946,0.660858154296875
14.690844774246216,0.660858154296875
14.702195644378662,0.6623001098632812
14.713578701019287,0.667236328125
14.724987983703613,0.667236328125
14.736419916152954,0.667236328125
14.747832536697388,0.667236328125
14.759426593780518,0.6678619384765625
14.770931720733643,0.6678619384765625
14.782517910003662,0.6678619384765625
14.793923139572144,0.6678619384765625
14.805533647537231,0.6678619384765625
14.81702971458435,0.6678619384765625
14.828356504440308,0.6678619384765625
14.839657545089722,0.6678619384765625
14.85107684135437,0.6678619384765625
14.862396240234375,0.6678619384765625
14.873944282531738,0.6678619384765625
14.885253667831421,0.6678619384765625
14.896713972091675,0.6678619384765625
14.916379928588867,0.6678619384765625
14.927700996398926,0.6678619384765625
14.939101457595825,0.6678619384765625
14.950713872909546,0.6678619384765625
14.962133646011353,0.6678619384765625
14.973798036575317,0.6678619384765625
14.985209226608276,0.6678619384765625
14.996626138687134,0.6678619384765625
15.016371011734009,0.6678619384765625
15.027785301208496,0.6678619384765625
15.039191007614136,0.6678619384765625
15.05066990852356,0.6678619384765625
15.06210994720459,0.6678619384765625
15.073592901229858,0.6678619384765625
15.08501386642456,0.6678619384765625
15.096446514129639,0.6678619384765625
15.116425275802612,0.6678619384765625
15.127835273742676,0.6678619384765625
15.139323949813843,0.6678619384765625
15.150621891021729,0.6678619384765625
15.16192078590393,0.6678619384765625
15.173488140106201,0.6678619384765625
15.184833526611328,0.6678619384765625
15.196250677108765,0.6678619384765625
15.216380596160889,0.6678619384765625
15.22798204421997,0.6678619384765625
15.2395498752594,0.6678619384765625
15.250966548919678,0.6678619384765625
15.262550830841064,0.6678619384765625
15.273996591567993,0.6678619384765625
15.285410165786743,0.6678619384765625
15.296903133392334,0.6678619384765625
15.31637954711914,0.6678619384765625
15.327901363372803,0.6678619384765625
15.339319705963135,0.6678619384765625
15.350904941558838,0.6678619384765625
15.36221194267273,0.6678619384765625
15.37358832359314,0.6678619384765625
15.384889602661133,0.6678619384765625
15.39624571800232,0.6678619384765625
15.416369199752808,0.6678619384765625
15.427674293518066,0.6678619384765625
15.43897557258606,0.6678619384765625
15.450495958328247,0.6678619384765625
15.462101221084595,0.6678619384765625
15.47369909286499,0.6678619384765625
15.485225439071655,0.6678619384765625
15.49663758277893,0.6678619384765625
15.516377925872803,0.6678619384765625
15.527799844741821,0.6678619384765625
15.539218187332153,0.6678619384765625
15.550631523132324,0.6678619384765625
15.562234163284302,0.6678619384765625
15.573886156082153,0.6678619384765625
15.58534026145935,0.6678619384765625
15.596959590911865,0.6678619384765625
15.616411685943604,0.6678619384765625
15.627822160720825,0.6678619384765625
15.639135360717773,0.6678619384765625
15.650609970092773,0.6678619384765625
15.661934614181519,0.6678619384765625
15.673241138458252,0.6678619384765625
15.68473482131958,0.6678619384765625
15.696028470993042,0.6678619384765625
15.716908693313599,0.6678619384765625
15.728360891342163,0.6678619384765625
15.739880800247192,0.6678619384765625
15.751209259033203,0.6678619384765625
15.76264762878418,0.6678619384765625
15.774068117141724,0.6678619384765625
15.785490036010742,0.6678619384765625
15.79696273803711,0.6678619384765625
15.816397905349731,0.6678619384765625
15.82786512374878,0.6678619384765625
15.839467287063599,0.6678619384765625
15.850903511047363,0.6678619384765625
15.862323999404907,0.6678619384765625
15.873763084411621,0.6679801940917969
15.885226488113403,0.6679801940917969
15.89663314819336,0.6679801940917969
15.916384220123291,0.6679801940917969
15.92770504951477,0.6679801940917969
15.939308166503906,0.6679801940917969
15.950605869293213,0.6679801940917969
15.961912870407104,0.6679801940917969
15.973202466964722,0.6679801940917969
15.984694242477417,0.6679801940917969
15.996102809906006,0.6679801940917969
16.017392873764038,0.6679801940917969
16.028720378875732,0.6679801940917969
16.04012441635132,0.6679801940917969
16.0515353679657,0.6679801940917969
16.0630841255188,0.6679801940917969
16.07453441619873,0.6679801940917969
16.085954666137695,0.6679801940917969
16.097458839416504,0.6679801940917969
16.116395473480225,0.6679801940917969
16.12782597541809,0.6679801940917969
16.139250993728638,0.6679801940917969
16.15069270133972,0.6679801940917969
16.162113428115845,0.6679801940917969
16.17353367805481,0.6679801940917969
16.18494987487793,0.6679801940917969
16.196369647979736,0.6679801940917969
16.216389894485474,0.6679801940917969
16.22812795639038,0.6679801940917969
16.239645957946777,0.6679801940917969
16.250949382781982,0.6679801940917969
16.26226019859314,0.6679801940917969
16.273865222930908,0.6679801940917969
16.285847187042236,0.6679801940917969
16.29730725288391,0.6679801940917969
16.316411018371582,0.6679801940917969
16.32799506187439,0.66815185546875
16.33948063850403,0.66815185546875
16.351184129714966,0.66815185546875
16.36272954940796,0.66815185546875
16.374197483062744,0.66815185546875
16.38561463356018,0.66815185546875
16.397136211395264,0.66815185546875
16.41659927368164,0.66815185546875
16.42823100090027,0.66815185546875
16.439648866653442,0.66815185546875
16.45119595527649,0.66815185546875
16.462633848190308,0.66815185546875
16.47414779663086,0.66815185546875
16.485790014266968,0.66815185546875
16.497192859649658,0.66815185546875
16.516923666000366,0.66815185546875
16.528613328933716,0.66815185546875
16.540056705474854,0.66815185546875
16.551502466201782,0.66815185546875
16.562952756881714,0.66815185546875
16.57438588142395,0.66815185546875
16.58597421646118,0.66815185546875
16.597877264022827,0.66815185546875
16.616647243499756,0.66815185546875
16.628169298171997,0.66815185546875
16.639658451080322,0.66815185546875
16.651122570037842,0.66815185546875
16.662607192993164,0.66815185546875
16.67405080795288,0.66815185546875
16.685601472854614,0.66815185546875
16.697275400161743,0.66815185546875
16.716421365737915,0.66815185546875
16.727850198745728,0.66815185546875
16.73929786682129,0.66815185546875
16.75077772140503,0.66815185546875
16.762335538864136,0.66815185546875
16.77369236946106,0.66815185546875
16.78515076637268,0.66815185546875
16.796669960021973,0.66815185546875
16.81637692451477,0.66815185546875
16.8280668258667,0.66815185546875
16.83965015411377,0.66815185546875
16.851356983184814,0.66815185546875
16.86285662651062,0.66815185546875
16.874287366867065,0.66815185546875
16.885801553726196,0.66815185546875
16.897212028503418,0.66815185546875
16.916367053985596,0.66815185546875
16.92779779434204,0.66815185546875
16.939421892166138,0.66815185546875
16.95093870162964,0.66815185546875
16.962369680404663,0.66815185546875
16.973906755447388,0.66815185546875
16.98550844192505,0.66815185546875
16.996915578842163,0.66815185546875
17.01643180847168,0.66815185546875
17.02774167060852,0.66815185546875
17.039264917373657,0.66815185546875
17.050562620162964,0.66815185546875
17.061861991882324,0.66815185546875
17.07356333732605,0.66815185546875
17.08496904373169,0.66815185546875
17.096436500549316,0.66815185546875
17.11646580696106,0.66815185546875
17.128046989440918,0.66815185546875
17.139682292938232,0.66815185546875
17.151265859603882,0.66815185546875
17.162882804870605,0.66815185546875
17.174285411834717,0.66815185546875
17.18591046333313,0.66815185546875
17.19734835624695,0.66815185546875
17.216421127319336,0.66815185546875
17.2278254032135,0.66815185546875
17.239237785339355,0.66815185546875
17.251003980636597,0.66815185546875
17.262417554855347,0.66815185546875
17.274086952209473,0.66815185546875
17.285570859909058,0.66815185546875
17.297160148620605,0.66815185546875
17.316433906555176,0.66815185546875
17.328003406524658,0.66815185546875
17.339581966400146,0.66815185546875
17.35109543800354,0.66815185546875
17.362573623657227,0.66815185546875
17.37389326095581,0.66815185546875
17.385330200195312,0.66815185546875
17.396844148635864,0.66815185546875
17.416459798812866,0.66815185546875
17.42781090736389,0.66815185546875
17.43919086456299,0.66815185546875
17.450454235076904,0.66815185546875
17.46175193786621,0.66815185546875
17.473122119903564,0.66815185546875
17.484901189804077,0.66815185546875
17.49623203277588,0.66815185546875
17.51649522781372,0.66815185546875
17.527922868728638,0.66815185546875
17.53941249847412,0.66815185546875
17.55085062980652,0.66815185546875
17.562278985977173,0.66815185546875
17.57370400428772,0.66815185546875
17.58511734008789,0.66815185546875
17.59652805328369,0.66815185546875
17.61639428138733,0.66815185546875
17.62781310081482,0.66815185546875
17.63926911354065,0.66815185546875
17.650678396224976,0.66815185546875
17.662201642990112,0.66815185546875
17.673628568649292,0.66815185546875
17.685061931610107,0.66815185546875
17.696414947509766,0.66815185546875
17.71638584136963,0.66815185546875
17.72791600227356,0.66815185546875
17.73933744430542,0.66815185546875
17.751004457473755,0.66815185546875
17.762513160705566,0.66815185546875
17.773821115493774,0.66815185546875
17.78534436225891,0.6683616638183594
17.796865940093994,0.6683616638183594
17.81639337539673,0.6683616638183594
17.827811002731323,0.6683616638183594
17.83926224708557,0.6683616638183594
17.850866556167603,0.6683616638183594
17.862285137176514,0.6683616638183594
17.873685121536255,0.6683616638183594
17.88539433479309,0.6683616638183594
17.89687943458557,0.6683616638183594
17.91643476486206,0.6683616638183594
17.928046941757202,0.6683616638183594
17.939614057540894,0.6683616638183594
17.951255798339844,0.6683616638183594
17.962818384170532,0.6683616638183594
17.974251985549927,0.6683616638183594
17.985665321350098,0.6683616638183594
17.997278690338135,0.6683616638183594
18.016397714614868,0.6683616638183594
18.027703523635864,0.6683616638183594
18.039348363876343,0.6683616638183594
18.050899744033813,0.6683616638183594
18.062199592590332,0.6683616638183594
18.073807954788208,0.6683616638183594
18.085315942764282,0.6683616638183594
18.096769332885742,0.6683616638183594
18.116488933563232,0.6683616638183594
18.12792944908142,0.6683616638183594
18.13930082321167,0.6683616638183594
18.15059757232666,0.6683616638183594
18.162070989608765,0.6683616638183594
18.17375087738037,0.6683616638183594
18.185158491134644,0.6683616638183594
18.196804761886597,0.6683616638183594
18.216383457183838,0.6683616638183594
18.227701663970947,0.6683616638183594
18.23919177055359,0.6683616638183594
18.250651836395264,0.6685600280761719
18.262498378753662,0.6685600280761719
18.273791313171387,0.6685600280761719
18.28523278236389,0.6685600280761719
18.296762228012085,0.6685600280761719
18.316428661346436,0.6685600280761719
18.327934503555298,0.6685600280761719
18.339244842529297,0.6685600280761719
18.350634574890137,0.6685600280761719
18.362126350402832,0.6685600280761719
18.373435497283936,0.6685600280761719
18.38491916656494,0.6685600280761719
18.39623761177063,0.6685600280761719
18.416387796401978,0.6685600280761719
18.427806615829468,0.6685600280761719
18.439226150512695,0.6685600280761719
18.45083236694336,0.6685600280761719
18.462515354156494,0.6685600280761719
18.473995447158813,0.6685600280761719
18.485419273376465,0.6685600280761719
18.496723890304565,0.6685600280761719
18.516777276992798,0.6685600280761719
18.52830958366394,0.6685600280761719
18.539856910705566,0.6685600280761719
18.551352977752686,0.6685600280761719
18.562660455703735,0.6685600280761719
18.574487447738647,0.6685600280761719
18.586013555526733,0.6685600280761719
18.5976824760437,0.6685600280761719
18.616392850875854,0.6685600280761719
18.627832412719727,0.6685600280761719
18.63949418067932,0.6685600280761719
18.650877237319946,0.6685600280761719
18.662314891815186,0.6685600280761719
18.67408776283264,0.6685600280761719
18.685957670211792,0.6685600280761719
18.697453498840332,0.6685600280761719
18.71638011932373,0.6685600280761719
18.72780752182007,0.6685600280761719
18.73932957649231,0.6685600280761719
18.750932455062866,0.6685600280761719
18.76243543624878,0.6685600280761719
18.773784399032593,0.6685600280761719
18.78534460067749,0.6685600280761719
18.797067165374756,0.6685600280761719
18.81676959991455,0.6685600280761719
18.82840394973755,0.6685600280761719
18.83973479270935,0.6685600280761719
18.851197957992554,0.6685600280761719
18.86268186569214,0.5748977661132812
18.874131441116333,0.5570526123046875
18.8855984210968,0.5570526123046875
18.897047996520996,0.4453544616699219
18.91659688949585,0.4453544616699219
18.928011417388916,0.4453544616699219
18.939431190490723,0.4453544616699219
18.950981378555298,0.4453544616699219
18.962416648864746,0.4453620910644531
18.974112510681152,0.4453620910644531
18.98570704460144,0.4453926086425781
18.99716305732727,0.4476776123046875
19.01638913154602,0.4476776123046875
19.027741193771362,0.4491691589355469
19.039186716079712,0.4491691589355469
19.050456523895264,0.4491691589355469
19.061946868896484,0.4511375427246094
19.073622465133667,0.5255928039550781
19.085277557373047,0.5228080749511719
19.09672212600708,0.6020164489746094
19.116397619247437,0.5936851501464844
19.128031730651855,0.5942840576171875
19.139460563659668,0.6436004638671875
19.150871992111206,0.6395339965820312
19.16254234313965,0.7296714782714844
19.174125909805298,0.7728996276855469
19.18570637702942,0.8949165344238281
19.197280645370483,0.8409461975097656
19.21641516685486,0.9023933410644531
19.22782802581787,0.9389801025390625
19.23914122581482,1.0073699951171875
19.250791788101196,0.9929161071777344
19.26243281364441,1.0674247741699219
19.274080991744995,1.1007728576660156
19.28583335876465,1.0854301452636719
19.297250032424927,1.1134529113769531
19.3163640499115,1.0895881652832031
19.32806086540222,1.0831947326660156
19.339555978775024,1.121002197265625
19.351075410842896,1.0755348205566406
19.36237931251526,1.1005783081054688
19.3738751411438,1.1266441345214844
19.385326623916626,1.1149864196777344
19.396814584732056,1.0063438415527344
19.416425466537476,1.0667152404785156
19.427942037582397,1.0502395629882812
19.43954062461853,1.1503944396972656
19.450966119766235,1.0716285705566406
19.462523460388184,1.0576095581054688
19.47414755821228,1.0837898254394531
19.485705614089966,1.0635719299316406
19.497127294540405,1.0847587585449219
19.517232418060303,1.0793571472167969
19.528543710708618,1.1132011413574219
19.5399169921875,1.0737686157226562
19.551247119903564,0.9791946411132812
19.562562704086304,1.0862464904785156
19.573861598968506,1.1550331115722656
19.58536696434021,1.0796470642089844
19.596681118011475,1.0595626831054688
19.61637806892395,1.1008186340332031
19.6277015209198,1.0631294250488281
19.639142751693726,1.0853004455566406
19.650784015655518,1.1232032775878906
19.66228485107422,1.0906486511230469
19.673879861831665,1.0396919250488281
19.685369729995728,1.1430244445800781
19.697198390960693,1.0830001831054688
19.716382026672363,1.0559883117675781
19.727826833724976,1.1029891967773438
19.739314317703247,1.1327018737792969
19.750914335250854,1.0225334167480469
19.762328624725342,1.1092643737792969
19.773908615112305,1.0929603576660156
19.785720348358154,1.0815353393554688
19.797287702560425,1.0973625183105469
19.816420316696167,1.0968666076660156
19.827855587005615,1.0872917175292969
19.83937907218933,1.1525382995605469
19.850802421569824,1.0803489685058594
19.8623526096344,1.1080131530761719
19.873814821243286,1.0979957580566406
19.88512086868286,1.1644630432128906
19.896514654159546,1.0830001831054688
19.916366577148438,1.0730400085449219
19.927948236465454,1.0522499084472656
19.939382791519165,1.0161094665527344
19.95072865486145,1.0984306335449219
19.962200164794922,1.1720695495605469
19.97368097305298,0.9832954406738281
19.985174894332886,1.0734291076660156
19.996768712997437,1.1323127746582031
20.016805171966553,1.0858421325683594
20.02812671661377,1.0614662170410156
20.03967523574829,1.1401329040527344
20.051493644714355,1.0712814331054688
20.063079118728638,1.0906867980957031
20.074694395065308,1.1605567932128906
20.08613157272339,1.0420875549316406
20.097557306289673,1.0630607604980469
20.116432189941406,1.1349220275878906
20.127867937088013,1.0250129699707031
20.139479398727417,1.0592231750488281
20.150779247283936,1.1176033020019531
20.16227102279663,1.1025314331054688
20.173568725585938,1.05206298828125
20.18488073348999,1.0834770202636719
20.196187734603882,1.1131706237792969
20.216381788253784,1.0636634826660156
20.228028297424316,1.0873832702636719
20.23953366279602,1.1110725402832031
20.25089454650879,1.0127372741699219
20.262272357940674,1.134674072265625
20.273945093154907,1.0853004455566406
20.28571605682373,1.0362281799316406
20.297130346298218,1.0968170166015625
20.316754579544067,1.1088829040527344
20.328248262405396,1.0499992370605469
20.33984613418579,1.0807075500488281
20.35130786895752,1.1044731140136719
20.36296582221985,1.0791893005371094
20.374292373657227,1.0994071960449219
20.385823488235474,1.1264610290527344
20.397122621536255,1.1006736755371094
20.416895627975464,1.0871543884277344
20.428454160690308,1.1108360290527344
20.4399094581604,1.0949821472167969
20.451305150985718,1.1385841369628906
20.4630868434906,1.0925369262695312
20.47447371482849,1.0065383911132812
20.485861778259277,1.0619010925292969
20.497324466705322,1.1286201477050781
20.516433477401733,1.0790939331054688
20.528103351593018,1.1007041931152344
20.53947687149048,1.1664161682128906
20.550902843475342,1.047698974609375
20.56231188774109,1.0684165954589844
20.573811054229736,1.1034660339355469
20.585421562194824,1.0769462585449219
20.596848249435425,1.0656242370605469
20.616398572921753,1.1232109069824219
20.627835988998413,1.1025314331054688
20.639256715774536,1.0481758117675781
20.650681018829346,1.0890846252441406
20.662302255630493,1.1268424987792969
20.67370915412903,1.0697860717773438
20.68512225151062,1.1451377868652344
20.696728706359863,1.1170768737792969
20.716381549835205,1.0717391967773438
20.727988243103027,1.1171379089355469
20.739304304122925,1.0949134826660156
20.75062108039856,1.0857734680175781
20.76192569732666,1.1461982727050781
20.77323079109192,1.0710868835449219
20.784536361694336,1.0873680114746094
20.795950889587402,1.0802345275878906
20.816428661346436,1.1225547790527344
20.828006744384766,1.0931129455566406
20.839484691619873,1.1152839660644531
20.851081609725952,1.1342735290527344
20.862505197525024,1.0640106201171875
20.87393355369568,1.0896492004394531
20.88536500930786,1.0763816833496094
20.89670491218567,1.053558349609375
20.916403770446777,1.0910072326660156
20.92783546447754,1.1862678527832031
20.93937110900879,1.0617179870605469
20.950812816619873,1.0341224670410156
20.96224594116211,1.1069297790527344
20.973654985427856,1.0817985534667969
20.98505997657776,1.0477943420410156
20.99648118019104,1.1186485290527344
21.01637578010559,1.0499916076660156
21.02806782722473,1.1128654479980469
21.039482355117798,1.1090812683105469
21.05116105079651,1.0769462585449219
21.062556505203247,1.0638542175292969
21.0740008354187,1.1323204040527344
21.08541989326477,1.1768455505371094
21.096896409988403,1.0934867858886719
21.11638116836548,1.0834770202636719
21.12779927253723,1.1092643737792969
21.139400482177734,1.0478935241699219
21.150715827941895,1.1212654113769531
21.16219210624695,1.1463737487792969
21.17356276512146,1.0325508117675781
21.184864044189453,1.0834426879882812
21.196197986602783,1.1071243286132812
21.216383457183838,1.0225563049316406
21.22796940803528,1.1305732727050781
21.239391565322876,1.0654220581054688
21.250696659088135,1.0024375915527344
21.262001276016235,1.0228080749511719
21.27374005317688,1.1310539245605469
21.285635709762573,1.0208549499511719
21.297300815582275,1.0416450500488281
21.31639552116394,1.0978584289550781
21.327818632125854,1.0650825500488281
21.339333057403564,1.0928611755371094
21.350753784179688,1.1288566589355469
21.362104892730713,1.0556564331054688
21.37350296974182,1.0597877502441406
21.384831428527832,1.1670188903808594
21.396257638931274,1.0790939331054688
21.416438102722168,1.0239219665527344
21.427940368652344,1.1003837585449219
21.43924570083618,1.0691337585449219
21.450894594192505,1.0356407165527344
21.462201595306396,1.1140556335449219
21.473525762557983,1.0808525085449219
21.484846115112305,1.0397300720214844
21.49627447128296,1.0771408081054688
21.51640748977661,1.1422920227050781
21.527822732925415,1.0363273620605469
21.53923225402832,1.0991172790527344
21.550711631774902,1.1520652770996094
21.56202483177185,1.0617790222167969
21.573453903198242,1.04620361328125
21.58477020263672,1.1268424987792969
21.59626030921936,1.0675697326660156
21.61679983139038,1.0695228576660156
21.628403186798096,1.120330810546875
21.63981580734253,0.9754829406738281
21.65142297744751,1.1208419799804688
21.66321110725403,1.0627021789550781
21.674754858016968,1.10491943359375
21.686256408691406,1.138458251953125
21.69756317138672,1.2654075622558594
21.716403484344482,1.1688270568847656
21.727822065353394,1.1028556823730469
21.739356756210327,1.1615943908691406
21.750946283340454,1.1013145446777344
21.762389183044434,1.1491775512695312
21.773974418640137,1.0934333801269531
21.785830974578857,1.1391639709472656
21.797576189041138,1.1470298767089844
21.81637716293335,1.1465110778808594
21.82814645767212,1.1294059753417969
21.839837312698364,1.2085151672363281
21.85146450996399,1.1416168212890625
21.863005876541138,1.1555442810058594
21.874424695968628,1.1516342163085938
21.8858482837677,1.2611351013183594
21.897156476974487,1.2737159729003906
21.916767358779907,1.2227783203125
21.928241968154907,1.2898597717285156
21.93986749649048,1.2660980224609375
21.95138454437256,1.2266845703125
21.963045120239258,1.2654838562011719
21.974477529525757,1.2476158142089844
21.985782861709595,1.2264900207519531
21.997089624404907,1.2564735412597656
22.016584396362305,1.2360038757324219
22.028026580810547,1.1686592102050781
22.039443016052246,1.2416419982910156
22.050861120224,1.2382087707519531
22.062288522720337,1.2591514587402344
22.073697328567505,1.2225837707519531
22.085114240646362,1.2382087707519531
22.09671974182129,1.2669639587402344
22.11637806892395,1.2169189453125
22.12772488594055,1.2484169006347656
22.13912534713745,1.2353324890136719
22.150564908981323,1.2023658752441406
22.16217064857483,1.2343025207519531
22.17348861694336,1.2931861877441406
22.185081243515015,1.2774162292480469
22.196549892425537,1.1855239868164062
22.21636414527893,1.2164726257324219
22.227779626846313,1.3205604553222656
22.239163160324097,1.1957511901855469
22.250458478927612,1.2184257507324219
22.261763334274292,1.2836151123046875
22.273058652877808,1.1960029602050781
22.284358024597168,1.2164726257324219
22.2958083152771,1.2544212341308594
22.307403087615967,1.22589111328125
22.31892156600952,1.2164726257324219
22.330355167388916,1.2447547912597656
22.341763257980347,1.3068580627441406
22.353191137313843,1.2813224792480469
22.364707946777344,1.1850624084472656
22.37610411643982,1.1720619201660156
22.38741660118103,1.23699951171875
22.398930311203003,1.2418174743652344
22.416593074798584,1.2356414794921875
22.42814588546753,1.2200164794921875
22.439558506011963,1.2700996398925781
22.450977087020874,1.1617393493652344
22.462586641311646,1.2707557678222656
22.474135637283325,1.2106132507324219
22.485585689544678,1.2332420349121094
22.497008323669434,1.2544212341308594
22.51640796661377,1.2261428833007812
22.52791166305542,1.2062721252441406
22.53926396369934,1.2323493957519531
22.550803184509277,1.2642860412597656
22.562257289886475,1.2852287292480469
22.573742866516113,1.2557868957519531
22.58534812927246,1.2779579162597656
22.596843242645264,1.2541732788085938
22.616403102874756,1.2202835083007812
22.62782645225525,1.2877235412597656
22.639437198638916,1.2324447631835938
22.65084147453308,1.2491645812988281
22.66215968132019,1.2703514099121094
22.673474550247192,1.2086601257324219
22.68487811088562,1.2616767883300781
22.69631052017212,1.2153129577636719
22.71684765815735,1.2481803894042969
22.728248119354248,1.2144241333007812
22.73966073989868,1.2004966735839844
22.7510244846344,1.2484092712402344
22.762455701828003,1.1774177551269531
22.773765563964844,1.2017555236816406
22.785076379776,1.2147712707519531
22.796470642089844,1.2396202087402344
22.816747188568115,1.2795753479003906
22.82821798324585,1.2056617736816406
22.839529752731323,1.2001457214355469
22.85087251663208,1.2981224060058594
22.86263132095337,1.2182655334472656
22.873939752578735,1.2751960754394531
22.885400772094727,1.2169189453125
22.896838665008545,1.2779579162597656
22.916510820388794,1.235198974609375
22.92796492576599,1.1632461547851562
22.939705848693848,1.2375030517578125
22.951111793518066,1.2047500610351562
22.962722063064575,1.2332572937011719
22.97414231300354,1.2662391662597656
22.985572576522827,1.2830238342285156
22.996984720230103,1.1874771118164062
23.01643705368042,1.2696037292480469
23.027852058410645,1.1804695129394531
23.039374113082886,1.2491188049316406
23.05068063735962,1.2320823669433594
23.06198525428772,1.2438011169433594
23.07334041595459,1.2258758544921875
23.084982872009277,1.2379417419433594
23.096638441085815,1.2555198669433594
23.116381883621216,1.2304916381835938
23.127780437469482,1.2475013732910156
23.13935613632202,1.2403450012207031
23.150811672210693,1.2576179504394531
23.16241431236267,1.2791175842285156
23.17371439933777,1.2623329162597656
23.185291290283203,1.2393684387207031
23.19674277305603,1.2245368957519531
23.21637749671936,1.2113075256347656
23.227803707122803,1.2128181457519531
23.239215850830078,1.2376670837402344
23.250654697418213,1.2093544006347656
23.262128353118896,1.2147712707519531
23.273547649383545,1.2396202087402344
23.284969091415405,1.2584266662597656
23.29639720916748,1.2420158386230469
23.31673550605774,1.2295875549316406
23.328056812286377,1.2429924011230469
23.339548110961914,1.2359886169433594
23.350855827331543,1.2882575988769531
23.36216139793396,1.2426567077636719
23.373481035232544,1.2268905639648438
23.385056734085083,1.2362442016601562
23.39638900756836,1.3044929504394531
23.416406393051147,1.1996574401855469
23.42788863182068,1.2086601257324219
23.43949317932129,1.2376670837402344
23.450870990753174,1.2525672912597656
23.46217441558838,1.2342033386230469
23.47364568710327,1.3055076599121094
23.485060930252075,1.2364616394042969
23.496495962142944,1.1823310852050781
23.516380310058594,1.2085647583007812
23.52769446372986,1.2377357482910156
23.539116144180298,1.3007926940917969
23.55058002471924,1.2325439453125
23.562217950820923,1.2621917724609375
23.5736186504364,1.2700042724609375
23.585089683532715,1.2344932556152344
23.596606492996216,1.2646446228027344
23.616422414779663,1.2347030639648438
23.62783670425415,1.1723136901855469
23.639258861541748,1.2481193542480469
23.65102529525757,1.2621955871582031
23.662341594696045,1.2107200622558594
23.6737539768219,1.2715568542480469
23.685054779052734,1.2561264038085938
23.696374893188477,1.2779579162597656
23.7164945602417,1.2169189453125
23.727808713912964,1.2760047912597656
23.739405632019043,1.2966804504394531
23.750880002975464,1.2188720703125
23.762311220169067,1.2879066467285156
23.773725748062134,1.2324447631835938
23.78515124320984,1.2379417419433594
23.796579837799072,1.2269325256347656
23.81643509864807,1.2908210754394531
23.82788634300232,1.1977424621582031
23.83949089050293,1.2957420349121094
23.850897789001465,1.1572990417480469
23.86232590675354,1.2611351013183594
23.873783111572266,1.2023658752441406
23.885236024856567,1.2160377502441406
23.89666485786438,1.2337608337402344
23.916377782821655,1.2362556457519531
23.927825927734375,1.2440681457519531
23.939270973205566,1.1988372802734375
23.950692176818848,1.1809196472167969
23.962192058563232,1.1909370422363281
23.973859071731567,1.1928901672363281
23.985294818878174,1.1808815002441406
23.996700286865234,1.2561607360839844
24.016392946243286,1.2068061828613281
24.028005123138428,1.2146186828613281
24.03941535949707,1.2185249328613281
24.05081605911255,1.2263374328613281
24.06223201751709,1.2341499328613281
24.07364535331726,1.2380561828613281
24.08505654335022,1.2458686828613281
24.096487045288086,1.2517280578613281
24.116429567337036,1.2595405578613281
24.12785029411316,1.2653999328613281
24.139310121536255,1.2712593078613281
24.150732040405273,1.3451271057128906
24.162164449691772,1.3568229675292969
24.173850774765015,1.3704948425292969
24.185283422470093,1.3841667175292969
24.19671106338501,1.3997917175292969
24.216420888900757,1.4166069030761719
24.227850198745728,1.4665718078613281
24.239264011383057,1.5221672058105469
24.250675678253174,1.5790519714355469
24.262088298797607,1.6026382446289062
24.27350425720215,1.6044960021972656
24.284912824630737,1.6655387878417969
24.29634737968445,1.6167030334472656
24.316413402557373,1.4700469970703125
24.32782769203186,1.5041007995605469
24.33940839767456,1.5514717102050781
24.35091733932495,1.5650367736816406
24.362332344055176,1.5888710021972656
24.373751401901245,1.6337852478027344
24.38515043258667,1.6612815856933594
24.39646077156067,1.5178184509277344
24.41637682914734,1.5332260131835938
24.42800760269165,1.5974807739257812
24.43972134590149,1.6256294250488281
24.451415538787842,1.6409645080566406
24.462834119796753,1.6523284912109375
24.474523544311523,1.6815948486328125
24.4859619140625,1.7197074890136719
24.497462034225464,1.7750434875488281
24.51638412475586,1.7684059143066406
24.52781319618225,1.8175888061523438
24.539527416229248,1.8823699951171875
24.551140546798706,1.9575653076171875
24.56282138824463,2.02581787109375
24.57419443130493,2.0026016235351562
24.585551261901855,0.9385299682617188
24.59691548347473,0.6777496337890625
24.616429567337036,0.6777496337890625
24.62805938720703,0.6777496337890625
24.639620304107666,0.6777496337890625
24.65129041671753,0.6777496337890625
24.66260051727295,0.6777496337890625
24.673906326293945,0.6777496337890625
24.685436010360718,0.6777496337890625
24.69682025909424,0.6777496337890625
24.716397285461426,0.6777496337890625
24.727941751480103,0.6777496337890625
24.73969602584839,0.6777496337890625
24.751327514648438,0.6777496337890625
24.763200998306274,0.6777496337890625
24.774638175964355,0.6777496337890625
24.78600549697876,0.6777496337890625
24.797569751739502,0.6777496337890625
24.81637144088745,0.6777496337890625
24.82796835899353,0.6777496337890625
24.839537382125854,0.6777496337890625
24.851027011871338,0.6777496337890625
24.8626606464386,0.6777496337890625
24.874346017837524,0.6777496337890625
24.885756969451904,0.6777496337890625
24.897196054458618,0.6777496337890625
24.91639018058777,0.6777496337890625
24.92790460586548,0.6777496337890625
24.939425230026245,0.6777496337890625
24.95095705986023,0.6777496337890625
24.96237325668335,0.6777496337890625
24.973803758621216,0.6777496337890625
24.985311031341553,0.6777496337890625
24.996949434280396,0.6777496337890625
25.016492128372192,0.6777496337890625
25.028090476989746,0.6777496337890625
25.039555549621582,0.6777496337890625
25.051105260849,0.6777496337890625
25.06244421005249,0.6777496337890625
25.07387399673462,0.6777496337890625
25.085307836532593,0.6777496337890625
25.096899271011353,0.6777496337890625
25.116482496261597,0.6777496337890625
25.12793755531311,0.6777496337890625
25.13943576812744,0.6777496337890625
25.151020050048828,0.6777496337890625
25.16262173652649,0.6777496337890625
25.174220323562622,0.6777496337890625
25.185882329940796,0.6777496337890625
25.197179079055786,0.6777496337890625
25.216407775878906,0.6777496337890625
25.2278950214386,0.6777496337890625
25.23938012123108,0.6777496337890625
25.250887632369995,0.6777496337890625
25.26218271255493,0.6777496337890625
25.273454904556274,0.6777496337890625
25.28523540496826,0.6777496337890625
25.29654049873352,0.6777496337890625
25.31642174720764,0.6777496337890625
25.327832221984863,0.6777496337890625
25.339237928390503,0.6777496337890625
25.350762367248535,0.6777496337890625
25.36236262321472,0.6777496337890625
25.373906135559082,0.6777496337890625
25.385231256484985,0.6777496337890625
25.396641492843628,0.6777496337890625
25.416399240493774,0.6777496337890625
25.427837371826172,0.6777496337890625
25.439146757125854,0.6777496337890625
25.450515508651733,0.6777496337890625
25.46181845664978,0.6777496337890625
25.47312617301941,0.6777496337890625
25.484429121017456,0.6777496337890625
25.495721101760864,0.6777496337890625
25.507132053375244,0.6777496337890625
25.518543481826782,0.6777496337890625
25.53011417388916,0.6777496337890625
25.541532278060913,0.6777496337890625
25.553054332733154,0.6777496337890625
25.564488410949707,0.6777496337890625
25.576016902923584,0.6777496337890625
25.587640285491943,0.6777496337890625
25.599165201187134,0.6777496337890625
25.616448402404785,0.6777496337890625
25.62787914276123,0.6777496337890625
25.639370679855347,0.6777496337890625
25.651034593582153,0.6777496337890625
25.66263175010681,0.6777496337890625
25.673930644989014,0.6777496337890625
25.68523597717285,0.6777496337890625
25.69653010368347,0.6777496337890625
25.716447353363037,0.6777496337890625
25.727938890457153,0.6777496337890625
25.739471673965454,0.6777496337890625
25.751091241836548,0.6777496337890625
25.76257634162903,0.6777496337890625
25.773999452590942,0.6777496337890625
25.785420656204224,0.6777496337890625
25.79702377319336,0.6777496337890625
25.816482543945312,0.6777496337890625
25.828110456466675,0.6777496337890625
25.839691638946533,0.6777496337890625
25.851316213607788,0.6777496337890625
25.862982273101807,0.6777496337890625
25.874574422836304,0.6777496337890625
25.886096477508545,0.6777496337890625
25.897664070129395,0.6777496337890625
25.916826009750366,0.6777496337890625
25.928197383880615,0.6777496337890625
25.93958020210266,0.6777496337890625
25.951250076293945,0.6777496337890625
25.96280789375305,0.6777496337890625
25.974425792694092,0.6777496337890625
25.98604440689087,0.6777496337890625
25.997354745864868,0.6777496337890625
26.016388416290283,0.6777496337890625
26.027929306030273,0.6777496337890625
26.039244651794434,0.6777496337890625
26.050631999969482,0.6777496337890625
26.062045574188232,0.6777496337890625
26.073482751846313,0.6777496337890625
26.084897756576538,0.6777496337890625
26.09738039970398,0.6777496337890625
26.120640993118286,0.6777496337890625
26.132859230041504,0.6777496337890625
26.144394874572754,0.6777496337890625
26.155837297439575,0.6777496337890625
26.167262077331543,0.6777496337890625
26.17894434928894,0.6777496337890625
26.190362453460693,0.6777496337890625
26.202070236206055,0.6777496337890625
26.216622829437256,0.6777496337890625
26.22817611694336,0.6777496337890625
26.23986792564392,0.6777496337890625
26.251291513442993,0.6777496337890625
26.262924909591675,0.6777496337890625
26.274331092834473,0.6777496337890625
26.28604793548584,0.6777496337890625
26.29755687713623,0.6777496337890625
26.316391706466675,0.6777496337890625
26.328136444091797,0.6777496337890625
26.339641571044922,0.6777496337890625
26.35098648071289,0.6777496337890625
26.362530946731567,0.6777496337890625
26.37382936477661,0.6777496337890625
26.385605573654175,0.6777496337890625
26.39689803123474,0.6777496337890625
26.416674613952637,0.6777496337890625
26.428110361099243,0.6777496337890625
26.439664840698242,0.6777496337890625
26.451309204101562,0.6777496337890625
26.46274447441101,0.6777496337890625
26.474191665649414,0.6777496337890625
26.48569345474243,0.6777496337890625
26.497140169143677,0.6777496337890625
26.516559839248657,0.6777496337890625
26.527981519699097,0.6777496337890625
26.53957986831665,0.6777496337890625
26.550979137420654,0.6777496337890625
26.562411785125732,0.6777496337890625
26.573713302612305,0.6777496337890625
26.58552622795105,0.6777496337890625
26.59697985649109,0.6777496337890625
26.61717462539673,0.6777496337890625
26.628824472427368,0.6777496337890625
26.640239715576172,0.6777496337890625
26.651732206344604,0.6777496337890625
26.663153409957886,0.6777496337890625
26.674787998199463,0.6777496337890625
26.686165809631348,0.6777496337890625
26.69781494140625,0.6777496337890625
26.716448545455933,0.6777496337890625
26.728101015090942,0.6777496337890625
26.73967695236206,0.6777496337890625
26.751245260238647,0.6777496337890625
26.762815475463867,0.6777496337890625
26.77433943748474,0.6777496337890625
26.78565788269043,0.6777496337890625
26.79719567298889,0.6777496337890625
26.816433906555176,0.6777496337890625
26.8281672000885,0.6777496337890625
26.839444160461426,0.6777496337890625
26.850738048553467,0.6777496337890625
26.862309217453003,0.6777496337890625
26.873780727386475,0.6777496337890625
26.885342359542847,0.6777496337890625
26.89674472808838,0.6777496337890625
26.916433334350586,0.6777496337890625
26.92780089378357,0.6777496337890625
26.93943428993225,0.6777496337890625
26.95106315612793,0.6777496337890625
26.962359189987183,0.6777496337890625
26.97405743598938,0.6777496337890625
26.985379457473755,0.6777496337890625
26.99685263633728,0.6777496337890625
27.01655149459839,0.6777496337890625
27.028217554092407,0.6777496337890625
27.03957438468933,0.6777496337890625
27.051049947738647,0.6777496337890625
27.062347650527954,0.6777496337890625
27.073750734329224,0.6777496337890625
27.085222244262695,0.6777496337890625
27.096627235412598,0.6777496337890625
27.116787672042847,0.6777496337890625
27.128084421157837,0.6777496337890625
27.139512300491333,0.6777496337890625
27.151062965393066,0.6777496337890625
27.162741899490356,0.6777496337890625
27.174227237701416,0.6777496337890625
27.18552589416504,0.6777496337890625
27.196817636489868,0.6777496337890625
27.216511964797974,0.6777496337890625
27.228179216384888,0.6777496337890625
27.23984122276306,0.6777496337890625
27.25114130973816,0.6777496337890625
27.26249384880066,0.6777496337890625
27.27396512031555,0.6777496337890625
27.28535294532776,0.6777496337890625
27.296759605407715,0.6777496337890625
27.316462516784668,0.6777496337890625
27.327884912490845,0.6777496337890625
27.33945608139038,0.6777496337890625
27.35089087486267,0.6777496337890625
27.362311124801636,0.6777496337890625
27.373989820480347,0.6777496337890625
27.3853018283844,0.6777496337890625
27.39659857749939,0.6777496337890625
27.41645860671997,0.6777496337890625
27.42815136909485,0.6777496337890625
27.43958830833435,0.6777496337890625
27.450942277908325,0.6777496337890625
27.46226930618286,0.6777496337890625
27.473771810531616,0.6777496337890625
27.485488414764404,0.6777496337890625
27.49688744544983,0.6777496337890625
27.516563177108765,0.6777496337890625
27.527875423431396,0.6777496337890625
27.539583683013916,0.6777496337890625
27.551069259643555,0.6777496337890625
27.562605142593384,0.6777496337890625
27.574424266815186,0.6777496337890625
27.586246252059937,0.6777496337890625
27.59778594970703,0.6777496337890625
27.616557836532593,0.6777496337890625
27.62809991836548,0.6777496337890625
27.639765977859497,0.6777496337890625
27.651368856430054,0.6777496337890625
27.66293478012085,0.6777496337890625
27.674339532852173,0.6777496337890625
27.685882329940796,0.6777496337890625
27.697290182113647,0.6777496337890625
27.71639347076416,0.6777496337890625
27.728012561798096,0.6777496337890625
27.7396240234375,0.6777496337890625
27.751028060913086,0.6777496337890625
27.762667894363403,0.6777496337890625
27.77407193183899,0.6777496337890625
27.785477876663208,0.6777496337890625
27.79703712463379,0.6777496337890625
27.816754817962646,0.6777496337890625
27.828056573867798,0.6777496337890625
27.839651823043823,0.6777496337890625
27.85109281539917,0.6777496337890625
27.862670183181763,0.6777496337890625
27.87397813796997,0.6777496337890625
27.885656118392944,0.6777496337890625
27.896942615509033,0.6777496337890625
27.916571855545044,0.6777496337890625
27.928065299987793,0.6777496337890625
27.939477682113647,0.6777496337890625
27.95119881629944,0.6777496337890625
27.9624924659729,0.6777496337890625
27.973966121673584,0.6777496337890625
27.985368251800537,0.6777496337890625
27.996955156326294,0.6777496337890625
28.016796350479126,0.6777496337890625
28.02847981452942,0.6777496337890625
28.040158987045288,0.6777496337890625
28.051461458206177,0.6777496337890625
28.0630464553833,0.6777496337890625
28.074684381484985,0.6777496337890625
28.086261510849,0.6777496337890625
28.09778380393982,0.6777496337890625
28.116689205169678,0.6777496337890625
28.12809681892395,0.6777496337890625
28.139503002166748,0.6777496337890625
28.150898218154907,0.6777496337890625
28.162301063537598,0.6777496337890625
28.17380976676941,0.6777496337890625
28.185247898101807,0.6777496337890625
28.1965389251709,0.6777496337890625
28.21637487411499,0.6777496337890625
28.22767996788025,0.6777496337890625
28.23897910118103,0.6777496337890625
28.250507831573486,0.6777496337890625
28.262057781219482,0.6777496337890625
28.27372980117798,0.6777496337890625
28.28513193130493,0.6777496337890625
28.296706914901733,0.6777496337890625
28.316376447677612,0.6777496337890625
28.328044176101685,0.6777496337890625
28.339547157287598,0.6777496337890625
28.35121774673462,0.6777496337890625
28.362671613693237,0.6777496337890625
28.37428092956543,0.6777496337890625
28.385942459106445,0.6777496337890625
28.39725947380066,0.6777496337890625
28.416380643844604,0.6777496337890625
28.42788314819336,0.6777496337890625
28.43934440612793,0.6777496337890625
28.450883388519287,0.6777496337890625
28.46232509613037,0.6777496337890625
28.473791122436523,0.6777496337890625
28.485084056854248,0.6777496337890625
28.49637532234192,0.6777496337890625
28.516367197036743,0.6777496337890625
28.528005599975586,0.6777496337890625
28.539562225341797,0.6777496337890625
28.551207542419434,0.6777496337890625
28.56271004676819,0.6777496337890625
28.574113845825195,0.6777496337890625
28.585514545440674,0.6777496337890625
28.597022533416748,0.6777496337890625
28.616535663604736,0.6777496337890625
28.628236532211304,0.6777496337890625
28.63964319229126,0.6777496337890625
28.651290893554688,0.6777496337890625
28.66275691986084,0.6777496337890625
28.67423701286316,0.6777496337890625
28.685599327087402,0.6777496337890625
28.69688844680786,0.6777496337890625
28.716489553451538,0.6777496337890625
28.727781772613525,0.6777496337890625
28.73924732208252,0.6777496337890625
28.750778198242188,0.6777496337890625
28.762260913848877,0.6777496337890625
28.773770093917847,0.6777496337890625
28.785111904144287,0.6777496337890625
28.79679775238037,0.6777496337890625
28.81637740135193,0.5683517456054688
28.82795214653015,0.5659904479980469
28.83935809135437,0.5659904479980469
28.851256370544434,0.5659904479980469
28.86268401145935,0.4542350769042969
28.874223470687866,0.17752838134765625
28.88573932647705,0.17754364013671875
28.897156476974487,0.17754364013671875
28.908639192581177,0.17754364013671875
28.9202561378479,0.17754364013671875
28.931914806365967,0.17754364013671875
28.943397760391235,0.17760467529296875
28.954949140548706,0.17760467529296875
28.9664204120636,0.17760467529296875
28.977753400802612,0.177642822265625
28.989037036895752,0.177642822265625
29.000232934951782,0.177642822265625
29.011698722839355,0.177642822265625
29.02290177345276,0.177703857421875
29.03416085243225,0.177703857421875
29.045350551605225,0.17771530151367188
29.05679225921631,0.17771530151367188
29.068172693252563,0.17771530151367188
29.079490900039673,0.0
29.09079885482788,0.0
